date,step,what,result,affects_results
2026-10-03,design,operator brief 'whales volume + trend + news context' refined to identifiable informed flow (Form 4 purchases; FINRA off-exchange short volume) conditioned on trend and 8-K context,research_plan_v6_whale_flow.md; six cells,n/a
2026-10-03,data,SEC insider data sets 2006Q1-2026Q1 (81 quarters); FINRA Reg SHO daily files 2009-08-03 to 2026-10-02 (8128 files; 1 missing),insider_trans.pkl 4.54M rows; darkflow.pkl 11.3M stock-days,n/a
2026-10-03,data,first darkflow build read pre-2011 files with the wrong columns (no ShortExemptVolume column before 2011-03),fixed by reading columns by name; rebuilt,n/a
2026-10-03,data,old price panels found inconsistent (1027 names in bars1d_all missing from bars1d_10y; no splits or dividends),new single Yahoo panel 2004-2026 for 5245 symbols with splits and adjusted close,n/a
2026-10-03,data,survivorship on the event side measured: 22-38% of 2006-13 purchase rows and 50-63% of 2018-26 rows are from issuers with a 2026 ticker,FMP per-symbol history fetched for issuers without a 2026 ticker (delisted list itself is paywalled),n/a
2026-10-03,prereg,v1 draft registration + engine written before any return was computed,red-teamed: 2 blocker 5 major 19 minor (redteam_wf1.txt),n/a
2026-10-03,prereg,v2 amendments (all red-team findings) before any outcome,lost-event funnel; control-adjusted level tests; half-year clusters; survivors-only gate for difference cells; point-in-time series trust; ex-top-5 gate; window embargo; minors,n/a
2026-10-03,selftest,v2 engine self-test (random names; shuffled flow; 200-point path check),PASS: all level-cell control-adjusted intervals contain 0; all Holm p = 1.0; random survivors vs SPY net of costs -0.7% to -1.1% per 63 sessions in 2014-19,n/a
2026-10-03,counts,event funnel and arm sizes per window (no return written),CONF_A tradeable: WF1 1371 / WF2 946 / U 1796; trend UP 256 DOWN 1094; dark z 1412; no-news drop 43 (gate 150 unreachable),n/a
2026-10-03,prereg,v3 amendment: WF-4 redefined as sharp-drop contrast (drop arm 333 / 612 / 305); news split descriptive,decided on counts only,n/a
2026-10-03,prereg,v3 amendment: point-in-time trust rule applied to symbol-matched (delisted) series only,diagnostic on Form 4 price / as-traded close: 127 of 150 largest failing CIK-matched issuers have median ratio 0.9-1.1,n/a
2026-10-03,selftest,v3 engine self-test and counts on the amended code,PASS: level-cell control-adjusted intervals contain 0; smallest primary Holm p 0.63. CONF_A tradeable: WF1 1404 / WF2 973 / U 1844; UP 265 DOWN 1125; drop 631; dark z 1460. All n gates reachable,n/a
2026-10-04,lock,operator confirmed 63-session hold; PREREG v3 locked (PREREG_sha256.txt) before any real return,lock intact after the run,n/a
2026-10-04,discovery,wf1_run.py --window DISC (entries 2014-01-01 to 2019-09-30),no primary cell significant (smallest Holm p 0.31). Control-adjusted 63d: WF1 +0.26% [-1.79;+2.03]; WF2 +1.04% [-0.51;+2.50] p 0.09; WF3 -1.29% ns; WF4 -1.83% ns; WF5 spread -0.16% per 21d p 0.052 (sign -1) but neither decile beats the universe net of costs; WF6 +0.81% ns. Descriptive: all insider events at 21d +0.79% [+0.21;+1.33] vs controls and +0.55% [-0.46;+1.66] vs SPY,discovery only
2026-10-04,wf2,operator asked to mine strategies on 70% of the data and confirm on 30%; WF1 confirmatory superseded (CONF_B becomes train; CONF_A becomes the WF2 holdout),WF2_DESIGN.md written before mining; time split train 2006-02..2019-09 / holdout 2020-01..2026-04,n/a
2026-10-04,wf2,first mining pass on train,S4 cut chosen by raw precision was market timing (61% vs same-day base 56%); 44 train returns NaN/inf from FMP adjClose = 0 in 17 delisted series,train only
2026-10-04,wf2,amendments on train: cut-off by lift over same-day base; zero adjusted prices repaired; features rebuilt; re-mined,train: S1 rule 59.4% vs 50.1% (n 96 validation; p 0.07); S2 52.0% vs 49.4% (p 0.05); S3 51.8% vs 48.7% (p 0.001); S4 61.0% vs 56.1% (p 0.15),train only
2026-10-04,wf2,frozen + hashed (WF2_frozen_sha256.txt); holdout run once,ALL FOUR NOT CONFIRMED. S1 52.3% vs 45.7% lift +6.6 [-4.4;+13.3] Holm p 0.32 n 375; S2 49.0% vs 46.6% Holm 0.22; S3 44.6% vs 44.6% lift 0.0; S4 50.9% vs 49.3% Holm 0.49. No strategy reached 55% precision,final
